{
  "mean": [
    1032.983369939847,
    1064.7671312753796,
    2245.2288053173424,
    3508.804780752763
  ],
  "std": [
    630.1772567487336,
    395.6446513736134,
    2408.3919412661335,
    1498.4907560022566
  ]
}